ahmed.diab1,29/05/2019,21:18,Wednesday
ahmed,29/05/2019,21:19,Wednesday
a.diab112,29/05/2019,21:20,Wednesday
a.diab112,29/05/2019,21:40,Wednesday
ahmed,29/05/2019,21:46,Wednesday
a.diab112,29/05/2019,21:53,Wednesday
a.diab112,29/05/2019,21:57,Wednesday
ahmed,30/05/2019,06:05,Thursday
a.diab112,30/05/2019,18:10,Thursday
ahmed,30/05/2019,18:49,Thursday
ahmed,31/05/2019,06:11,Friday
ahmed,02/06/2019,05:38,Sunday
ahmed,07/06/2019,14:46,Friday
ahmed,07/06/2019,14:46,Friday
ahmed,07/06/2019,15:19,Friday
ahmed,07/06/2019,18:07,Friday
ahmed,08/06/2019,13:33,Saturday
ahmed,08/06/2019,13:36,Saturday
ahmed,08/06/2019,14:06,Saturday
ahmed,09/06/2019,12:52,Sunday
ahmed,09/06/2019,12:54,Sunday
ahmed,09/06/2019,13:39,Sunday
ahmed,09/06/2019,13:48,Sunday
A.DiaB,09/06/2019,13:49,Sunday
ahmed,09/06/2019,13:55,Sunday
ahmed,09/06/2019,14:01,Sunday
A.DiaB,09/06/2019,14:03,Sunday
ahmed,09/06/2019,14:45,Sunday
A.DiaB,09/06/2019,14:46,Sunday
ahmed,09/06/2019,15:02,Sunday
A.DiaB,09/06/2019,15:17,Sunday
ahmed,09/06/2019,15:58,Sunday
A.DiaB,09/06/2019,16:08,Sunday
A.DiaB,09/06/2019,16:37,Sunday
A.DiaB,09/06/2019,17:02,Sunday
A.DiaB,10/06/2019,12:37,Monday
A.DiaB,10/06/2019,17:35,Monday
A.DiaB,11/06/2019,15:19,Tuesday
A.DiaB,11/06/2019,18:36,Tuesday
amro.tork,12/06/2019,14:02,Wednesday
A.DiaB,12/06/2019,14:10,Wednesday
A.DiaB,12/06/2019,14:11,Wednesday
